water_source_type,region,district,source_name,nearest_settlement_name,latitude,longitude,permanent,functioning,bh_static_water_level,dw_static_water_level,dam_depth,berkad_depth,other_depth
Dug Well,Awdal,Borama,Camuud 2,Boorame,9.9484,43.2329,Yes,Yes,,9.0,,,
Spring,Awdal,Zeylac,Khadar Iyoiiyaas,Jidhi Town,10.573,42.9941,Yes,Yes,,,,,
Dam,Awdal,Borama,Cali Cumer,Dila Town,9.7737,43.3444,No,Yes,,,,,
Dug Well,Awdal,Baki,Ruqi Dug Well,Ruqi  Town,9.9737,43.4266,,Abandoned,,,,,
Spring,Awdal,Zeylac,Galiisha,Habaas,10.4185,42.8112,Yes,,,,,,
Spring,Awdal,Borama,Biyo Cad,Gorayo Cawl,9.988,43.2354,Yes,Yes,,,,,
Dug Well,Awdal,Borama,Abase Gaagaab 1,,10.1279,43.2052,,Abandoned,,,,,
Dug Well,Awdal,Borama,AF Doox 3,Boon,10.2023,43.0466,No,No,,4.0,,,
Spring,Awdal,Borama,IL Gorey 4,Baki,10.0649,43.3308,Yes,Yes,,,,,
Spring,Awdal,Borama,Biyoxumo,Xoorey,10.174,43.3446,Yes,Yes,,,,,
Spring,Awdal,Borama,Mareegaley,Xoorey,10.1672,43.353,Yes,Yes,,,,,
Dam,Awdal,Borama,Magaalo Cad 2,Magaalo Cad,9.6949,43.2988,No,Yes,,,,,
Spring,Awdal,Borama,Hadiile 1,Xamar,10.107,43.3326,Yes,Yes,,,,,
Dug Well,Awdal,Baki,Qabuurta,Qabuurta,10.0476,43.4891,No,Yes,,3.5,,,
Dug Well,Awdal,Baki,Carro Weyne 1,Carro Weyne,10.2802,43.4124,No,No,,,,,
Dug Well,Awdal,Lughaye,Hussein,wadajir,10.5602,43.2502,Yes,Yes,,2.0,,,
Dug Well,Awdal,Borama,Abokor Cadaawe 2,Baki,10.0342,43.3433,,,,,,,
Dug Well,Awdal,Borama,Fadhi Xun 3,Weeraar,10.292,43.296,,,,8.0,,,
Spring,Awdal,Zeylac,Buqdhada Jidhi,Buqdhada madow,10.5807,43.0316,Yes,,,,,,
Spring,Awdal,Borama,Cadeyga Hagoogan,Xoorey,10.1729,43.3407,No,Yes,,,,,
Spring,Awdal,Borama,Hadiile 2,Xamar,10.1067,43.332,Yes,Yes,,,,,
Dug Well,Awdal,Baki,Baki 2,Baki,10.0271,43.3709,,,,3.0,,,
Dug Well,Awdal,Baki,Gargaara 3,Hulka,10.3098,43.8066,Yes,Yes,,3.5,,,
Dug Well,Awdal,Baki,Hulka 2,,10.3514,43.9275,Yes,Yes,,7.5,,,
Dug Well,Awdal,Zeylac,Feedho weyn,Aasha Caddo,11.2573,43.4473,Yes,Yes,,2.5,,,
Dam,Awdal,Borama,Mixile Dam,Boorame,9.9551,43.2356,Yes,Yes,,,,,
Dug Well,Awdal,Borama,Af Doox 4,Boon,10.0468,43.0468,Yes,No,,4.0,,,
Dug Well,Awdal,Borama,Xamarta,Xamarta Town,10.1051,43.3489,,,,,,,
Dug Well,Awdal,Baki,Dacawaley,Dacawaley,10.4358,43.6468,Yes,Yes,,4.0,,,
Borehole,Awdal,Borama,Dile,,9.76846,43.33587,,Yes,35.0,,,,
Borehole,Awdal,borama,Afraag BH5,Cunaqabad,9.9314,43.0772,Yes,No,100.0,,,,
Borehole,Awdal,Lughaye,Geeriza,Geeriza,10.6077,43.4341,Yes,Yes,70.0,,,,
Borehole,Awdal,Lughaye,Geerisa bore hole 1,Geerisa,10.6078,43.4341,Yes,Yes,40.0,,,,
Borehole,Awdal,Lughaye,Geerisa bore hole 2,Geerisa,10.609,43.4342,No,Abandoned,40.0,,,,
Borehole,Awdal,Lughaye,Karuure BH2,Karuure,10.75314,43.59,Yes,Yes,,,,,
Borehole,Awdal,Lughaye,Karuura bore hole 2,Karuure,10.7518,43.5918,Yes,Yes,70.0,,,,
Borehole,Awdal,Lughaye,Qubuurta x. Husen Bore hole,Qabriga x. Husen,10.6286,43.6127,Yes,Abandoned,75.0,,,,
Borehole,Awdal,Lughaye,Idiris bore hole,Idris,10.5586,43.6428,Yes,Yes,49.0,,,,
Borehole,Awdal,Lughaye,Garaaca bore hole 1,Garaac,10.6507,43.7641,No,Abandoned,35.0,,,,
Borehole,Awdal,Lughaye,Kalawla bore hole one,Kalowla,10.5519,43.8516,Yes,Yes,,,,,
Borehole,Awdal,Lughaye,Kalawle BH1,Kalawle,10.5519,43.8518,Yes,Yes,20.0,,,,
Dug Well,Awdal,Borama,HEG.W7,,10.0667,43.3006,Yes,Yes,,6.1,,,
Borehole,Awdal,Borama,Dhagaxa madow,Dhagaxa madow,10.2644,43.1986,Yes,Yes,70.0,,,,
Borehole,Awdal,Borama,New Dhamuug BH8,Amoud,9.9512,43.2197,Yes,Yes,52.0,,,,
Borehole,Awdal,Borama,Agoomaha BH3,Qoorgab,9.9388,43.2015,Yes,Yes,90.0,,,,
Borehole,Awdal,Borama,Dhamuug BH15,Boorame,9.9094,43.20166,No,No,32.0,,,,
Borehole,Awdal,Zeylac,jidhi,,10.62525,43.07182,,Yes,,,,,
Borehole,Awdal,Borama,Shaylaha BH2,Shaylaha,9.9094,43.2017,Yes,Yes,81.0,,,,
Borehole,Awdal,Borama,Shaylaha BH15,Shaylaha,9.909,43.2027,Yes,Abandoned,119.0,,,,
Borehole,Awdal,Borama,Dhamuug BH14,Boorama,9.9376,43.222,,No,40.0,,,,
Borehole,Awdal,Borama,Amoud University,Boorama,9.9437,43.22,Yes,Yes,42.0,,,,
Borehole,Awdal,Borama,Qoorgaab,Qorgaab,9.9415,43.2064,Yes,Yes,60.0,,,,
Borehole,Awdal,Borama,Al xayaat hospital,Alxayaat,9.9375,43.2088,Yes,Yes,60.0,,,,
Borehole,Awdal,Borama,ARC BH2,Boorame Town,9.939,43.2115,,Abandoned,,,,,
Borehole,Awdal,Borama,Dhamuug BH3,Dhamuug,9.9504,43.216,Yes,Abandoned,42.0,,,,
Borehole,Awdal,Borama,Dhamuug BH1,Dhamuug,9.9512,43.2164,Yes,Yes,60.0,,,,
Borehole,Awdal,Borama,Dhamuug BH2,Boorama,9.951,43.2173,Yes,Yes,37.0,,,,
Borehole,Awdal,Borama,Shifo BH1,Daremacaane,9.9706,43.2182,Yes,Yes,10.0,,,,
Borehole,Awdal,Borama,Dhamuug BH4,Boorama,9.94936,43.21974,Yes,Yes,38.0,,,,
Borehole,Awdal,Borama,Dhamuug BH5,Amoud,9.9495,43.2197,Yes,Abandoned,71.0,,,,
Borehole,Awdal,Borama,Dhamuug BH6,Boorama,9.9494,43.2197,No,No,39.0,,,,
Borehole,Awdal,Borama,Old dhamuug BH8,Amoud,9.9511,43.2197,Yes,Abandoned,63.0,,,,
Borehole,Awdal,Borama,Shifo BH2,Daremacane,9.9695,43.2197,Yes,Yes,8.0,,,,
Borehole,Awdal,Borama,Dhamuug BH8,Boorama,9.9511,43.2198,Yes,Yes,35.0,,,,
Borehole,Awdal,Borama,Amoud university  BH,Amoud,9.9438,43.22,Yes,Yes,40.0,,,,
Borehole,Awdal,Borama,Dhamuug BH19,Amoud,9.95,43.2227,Yes,Yes,68.0,,,,
Dug Well,Awdal,Lughaye,Beeyoliibaan,Lughaye,10.668,43.892,Yes,Yes,,9.0,,,
Borehole,Awdal,Borama,Amoud,Amoud ,9.9474,43.2244,Yes,Yes,26.0,,,,
Borehole,Awdal,Borama,Agoomaha BH1,Amoud,9.9524,43.2255,Yes,Yes,210.0,,,,
Borehole,Awdal,Borama,"Dhamuug BH7
",Amoud,9.9473,43.2245,Yes,Yes,65.0,,,,
Borehole,Awdal,Borama,Agoomaha BH2,Amoud,9.9548,43.2251,Yes,No,90.0,,,,
Borehole,Awdal,Borama,Agoomaha BH5,Amoud,9.9405,43.2255,Yes,Yes,90.0,,,,
Borehole,Awdal,Zeylac,Ceelgaal BH2,Ceelgaal,10.9899,43.4427,No,No,60.0,,,,
Borehole,Awdal,Borama,Mohamed caduur yusuf,Amoud,9.9527,43.2274,Yes,No,20.0,,,,
Borehole,Awdal,Borama,Hussien hadi BH,Amoud,9.995,43.2288,Yes,Yes,70.0,,,,
Borehole,Awdal,Borama,Dahir rayaale kaahin,Amoud,9.9481,43.2297,Yes,No,11.0,,,,
Borehole,Awdal,Borama,Barkhad aadan jamac,Amoud,9.9474,43.2307,Yes,No,80.0,,,,
Borehole,Awdal,Borama,Bor; B_041,,9.92861,43.2457,,Yes,70.0,,,,
Borehole,Awdal,Borama,Mixile BH,Amoud,9.9527,43.2328,Yes,Yes,60.0,,,,
Borehole,Awdal,Borama,Dhamuug BH 22,Amoud,9.9493,43.2341,Yes,Yes,20.0,,,,
Borehole,Awdal,Borama,Dhamuug BH 21,Amoud,9.9494,43.2341,Yes,Yes,57.0,,,,
Borehole,Awdal,Borama,Weeraar,Weeraar,10.2513,43.2347,Yes,Yes,60.0,,,,
Borehole,Awdal,Borama,Dhamuug BH 20,Amoud,9.9432,43.2379,Yes,Yes,70.0,,,,
Borehole,Awdal,Borama,Dhamuug BH13,Boorama,9.9286,43.2457,Yes,Yes,78.0,,,,
Borehole,Awdal,Zeylac,Ceelgaal2,Ceelgal,10.9757,43.4383,Yes,Yes,30.0,,,,
Borehole,Awdal,Zeylac,Ceel-Gaac,,10.84678,43.26206,,Yes,,,,,
Borehole,Awdal,Zeylac,laagta morohda,,10.98989,43.44266,,Yes,,,,,
Borehole,Awdal,Zeylac,takhushi,,11.26572,43.30127,,Yes,47.2,,,,
Dug Well,Awdal,Baki,Xoorey 2,Xoorey Town,10.1778,43.3669,,,,1.5,,,
Dug Well,Awdal,Borama,Xarirad Dug Well2,Xariirad,10.3237,42.8397,,,,8.0,,,
Dug Well,Awdal,Baki,Abokor Cadaawe 1,Baki,10.0315,43.3583,Yes,Yes,,,,,
Dug Well,Awdal,Borama,Xaliimaale 6,Xaliimaale Town,10.2399,43.1731,Yes,Yes,,4.0,,,
Dug Well,Awdal,Baki,bak;w_023,,10.0264,43.37119,,Yes,,5.4,,,
Dug Well,Awdal,Borama,Awdal,Dabo Dilaac,10.3691,43.1886,Yes,Yes,,,,,
Dug Well,Awdal,Zeylac,Cabdiqadir2,Abdiqadir,10.5112,42.8866,no,Abandoned,,,,,
Dug Well,Awdal,Borama,Laasdhiig 1,,9.976,43.2151,Yes,Yes,,,,,
Dug Well,Awdal,Borama,Carro Cad 2,Carro Cad,10.08,43.0773,Yes,Yes,,3.0,,,
Dug Well,Awdal,Borama,Laasdhiig 3,Boorame,9.9765,43.214,Yes,Yes,,2.0,,,
Dug Well,Awdal,Borama,AF Doox 2,Boon,10.2012,43.0467,Yes,Yes,,2.5,,,
Dug Well,Awdal,Borama,Xariirad,Habaas,10.3269,42.8413,Yes,Yes,,3.5,,,
Dug Well,Awdal,Borama,Laasdhiig 2,Boorame,9.9765,43.2142,Yes,Yes,,4.5,,,
Dug Well,Awdal,Baki,Xoorey 1,Xoorey,10.1787,43.3688,Yes,Yes,,7.0,,,
Dug Well,Awdal,Borama,Cad Cad 4,Jaaraa Horoto,9.8634,43.3265,Yes,Yes,,3.0,,,
Dug Well,Awdal,Baki,BAGW18,,10.0194,43.3669,Yes,Yes,,4.5,,,
Dug Well,Awdal,Baki,Dharaar waxar,Dharaar waxar,9.8072,43.3682,yes,Yes,,2.0,,,
Dug Well,Awdal,Borama,Laasdhiig  6,Boorame,9.9769,43.2132,Yes,Yes,,3.0,,,
Dug Well,Awdal,Baki,BGMW26,,10.0181,43.3672,Yes,Yes,,10.7,,,
Dug Well,Awdal,Baki,BAGW21,,10.0183,43.3675,Yes,Yes,,3.0,,,
Dug Well,Awdal,Baki,bgmwxx,,10.0172,43.3686,Yes,Yes,,12.5,,,
Dug Well,Awdal,Baki,BLFW67,,10.0167,43.3692,Yes,Yes,,3.8,,,
Dug Well,Awdal,Baki,RHSW42,,9.9522,43.4339,Yes,Yes,,12.0,,,
Dug Well,Awdal,Baki,Dug Well 2 Baki,Baki,10.0281,43.3707,yes,Yes,,2.0,,,
Dug Well,Awdal,Baki,Hul xudhuunle shellow,Hul xudhuun,10.3026,43.7546,no,Abandoned,,4.0,,,
Dug Well,Awdal,Baki,Dug Well 1Baki,Baki,10.0268,43.3709,yes,No,,7.0,,,
Dug Well,Awdal,Baki,Baki 1,Baki Town,10.0269,43.3709,Yes,Yes,,,,,
Dug Well,Awdal,Baki,Baki 3,,10.0264,43.3712,,Yes,,5.4,,,
Dug Well,Awdal,Baki,Dhijaamaley,Baki Town,10.0068,43.3829,Yes,Yes,,2.0,,,
Dug Well,Awdal,Baki,BDHW42,,10,43.3836,Yes,Yes,,10.5,,,
Dug Well,Awdal,Baki,BDHW41,,10.0006,43.3836,Yes,Yes,,4.25,,,
Dug Well,Awdal,Borama,Carro Cad 1,Carro Cad,10.0801,43.0778,,,,3.0,,,
Dug Well,Awdal,Baki,BLFW63,,10.0022,43.3836,Yes,Yes,,6.5,,,
Dug Well,Awdal,Baki,BLFW60,,10.0014,43.3842,Yes,Yes,,9.4,,,
Dug Well,Awdal,Borama,Buur Galimeys,Qabri Caruureed,10.0232,43.0743,Yes,Yes,,8.0,,,
Dug Well,Awdal,Baki,RADW4,,9.9844,43.4025,Yes,Yes,,6.7,,,
Dug Well,Awdal,Baki,Dhuxunka,,9.878,43.4058,,Yes,,10.0,,,
Dug Well,Awdal,Baki,Carro Weyne 2,Carro Weyne,10.2806,43.4121,Yes,Yes,,2.5,,,
Dug Well,Awdal,Baki,Xuur Dhagaxley,Sheed Dheer,10.2485,43.6481,Yes,Yes,,6.5,,,
Dug Well,Awdal,Baki,Tuurka/W-039,,10.28652,43.72975,,Yes,,2.0,,,
Dug Well,Awdal,Borama,Laasdhiig 4,Boorame,9.9769,43.2137,Yes,Yes,,3.5,,,
Dug Well,Awdal,Baki,Osali shellow well,Osali,10.4297,43.704,yes,Abandoned,,,,,
Dug Well,Awdal,Baki,Tuurka Dug Well,Tuurka,10.2837,43.7287,yes,Yes,,5.0,,,
Dug Well,Awdal,Baki,Tuurka/W-039,,10.2865,43.7298,,Yes,,2.0,,,
Dug Well,Awdal,Baki,Belay shellow,Belay,10.3077,43.7372,yes,Yes,,3.0,,,
Dug Well,Awdal,Borama,Dari Macaan 1,Boorame,9.9746,43.2159,Yes,Yes,,4.5,,,
Dug Well,Awdal,Baki,Gargara Bari shellow,Gargaara bari,10.3091,43.8061,yes,Yes,,1.0,,,
Dug Well,Awdal,Baki,Gargaara 2,Hulka,10.309,43.8063,Yes,No,,6.5,,,
Dug Well,Awdal,Baki,Gargaara 4,,10.3091,43.8064,,Yes,,6.0,,,
Dug Well,Awdal,Baki,Gargaara 1,Hulka,10.3131,43.807,Yes,Yes,,4.0,,,
Dug Well,Awdal,Baki,Hulka 1,Gargaara,10.3513,43.9283,Yes,Yes,,7.5,,,
Dug Well,Awdal,Baki,Cabdi Geedi,Hadayta,10.5114,44.0518,Yes,Yes,,12.0,,,
Dug Well,Awdal,Baki,Cabdi Geedi/W-041,,10.5073,44.0598,,Yes,,12.0,,,
Dug Well,Awdal,Baki,Biyafoge/W-042,,10.50855,44.18471,,,,1.5,,,
Dug Well,Awdal,Baki,Cabdi Geedi/W-041,,10.50725,44.05977,,Yes,,12.6,,,
Dug Well,Awdal,Baki,Gargaara/W-040,,10.30907,43.80637,,Yes,,6.0,,,
Dug Well,Awdal,Baki,Ruqi,,9.94649,43.34689,,Yes,,4.0,,,
Dug Well,Awdal,Baki,Sheed-Dheer/W-035,,10.32154,43.48756,,,,8.0,,,
Dug Well,Awdal,Baki,Sheed-Dheer/W-036,,10.32154,43.48756,,Yes,,5.0,,,
Dug Well,Awdal,Baki,Sheed-Dheer/W-037,,10.2232,43.62716,,Yes,,,,,
Dug Well,Awdal,Borama,Ceelbaxay,,10.3268,42.8413,,Yes,,2.0,,,
Dug Well,Awdal,Borama,XariradDug Well,Xarirad,10.3268,42.8413,yes,Yes,,4.0,,,
Dug Well,Awdal,Borama,Daratodheere,Darayadhere,10.2621,42.905,no,Yes,,3.0,,,
Dug Well,Awdal,Borama,Ceel Baxay,Ceel Baxay,10.3029,42.9242,Yes,Yes,,,,,
Dug Well,Awdal,Borama,Ceel Baxay,Xariirad,10.2953,42.961,,Yes,,,,,
Dug Well,Awdal,Borama,Ceelbaxay1,Celbaxay,10.2955,42.9611,no,Yes,,3.0,,,
Dug Well,Awdal,Borama,Ceelbaxay3,Celbaxay,10.2875,42.9642,no,Yes,,7.0,,,
Dug Well,Awdal,Borama,Ceelbaxay2,Ceelbaxay,10.2988,42.9668,no,Abandoned,,,,,
Dug Well,Awdal,Borama,Xalimale,Boon,10.2012,43.0469,,Yes,,2.0,,,
Dug Well,Awdal,Borama,Laasdhiig 5,Boorame,9.9769,43.2135,Yes,Yes,,3.0,,,
Dug Well,Awdal,Borama,Dari Macaane 3,Boorame,9.9717,43.2149,Yes,Yes,,7.0,,,
Dug Well,Awdal,Borama,Boon,Boon,10.2013,43.0469,yes,Yes,,3.0,,,
Dug Well,Awdal,Borama,Shiikhaware2,Shiikhaware,10.4585,43.1251,no,Abandoned,,,,,
Dug Well,Awdal,Lughaye,Farda Lagu-Xigh,Xoog Faras,10.4097,43.4508,,,,12.0,,,
Dug Well,Awdal,Borama,Abase Dreere 1,Boon,10.1615,43.1542,Yes,Yes,,7.0,,,
Dug Well,Awdal,Borama,Abase Dheere 2,Boon,10.1594,43.1589,Yes,Yes,,5.5,,,
Dug Well,Awdal,Borama,Xaliimaale 4,Xaliimaale Town,10.2436,43.1607,Yes,Yes,,2.0,,,
Dug Well,Awdal,Borama,Xaliimaale 3,Xaliimaale Town,10.2422,43.1614,Yes,Yes,,,,,
Dug Well,Awdal,Borama,Xaliimaale 2,Xaliimaale town,10.2422,43.1615,No,Yes,,3.5,,,
Dug Well,Awdal,Borama,Xaliimaale 1,Xaliimaale  Town,10.2409,43.1644,Yes,Yes,,1.0,,,
Dug Well,Awdal,Borama,Xaliimale,Xaliimale,10.2376,43.1765,yes,Yes,,2.0,,,
Dug Well,Awdal,Borama,Xaliimaale 5,Xaliimaale,10.237,43.1768,Yes,Yes,,4.1,,,
Dug Well,Awdal,Borama,ADAW3,,10.0356,43.1842,Yes,Yes,,4.0,,,
Dug Well,Awdal,Borama,Fiqi adan1,Fiqiadan,10.3425,43.1883,no,Abandoned,,2.0,,,
Dug Well,Awdal,Borama,Fiqiadan2,Fiqiadan,10.3692,43.1889,no,Yes,,3.0,,,
Dug Well,Awdal,Borama,Qoorgaab 1,Boorame Town,9.9268,43.1946,Yes,Yes,,6.5,,,
Dug Well,Awdal,Borama,Qoorgaab 2,Boorame Town,9.9289,43.1959,Yes,Yes,,5.5,,,
Dug Well,Awdal,Borama,ALADWI,,10.1183,43.2014,Yes,Yes,,3.2,,,
Dug Well,Awdal,Borama,Abase Gaagaab 2,Cadaad,10.217,43.2068,Yes,Yes,,3.0,,,
Dug Well,Awdal,Borama,Laasdhiig 8,Boorame,9.9777,43.2125,Yes,Yes,,2.5,,,
Dug Well,Awdal,Borama,Laasdhiig 7,Boorame,9.9773,43.2131,Yes,Yes,,2.0,,,
Dug Well,Awdal,Borama,Dari Macaane 2,Boorame,9.9749,43.2163,Yes,Yes,,,,,
Dug Well,Awdal,Borama,Xamarta dur durka cad,Xamarta dur durka cad,10.1107,43.3546,yes,Yes,,3.0,,,
Dug Well,Awdal,Borama,Ceelbaxay,,10.32679,42.84128,,Yes,,2.0,,,
Dug Well,Awdal,Lughaye,Xuseen2,Xuseen,10.5602,43.2498,no,Abandoned,,,,,
Dug Well,Awdal,Lughaye,Xuseen1,Xusen,10.5605,43.2503,no,Abandoned,,,,,
Dug Well,Awdal,Lughaye,Geerisa 1,Fardo Lagu Xidh,10.6083,43.4323,Yes,Yes,,11.0,,,
Dug Well,Awdal,Lughaye,Geerisa 2,,10.6094,43.4329,,Yes,,10.0,,,
Dug Well,Awdal,Lughaye,Far do lugu xidh shellow,Far do lugu xidh,10.4098,43.4508,yes,Yes,,9.0,,,
Dug Well,Awdal,Lughaye,Xoog faras shellow,Xoog faras,10.4977,43.47,yes,Yes,,2.0,,,
Dug Well,Awdal,Lughaye,Xoog Faras,Fardo lagu Xidh,10.4879,43.4706,Yes,Yes,,8.0,,,
Dug Well,Awdal,Zeylac,Odayeadari4,0daywadari4,11.0859,43.5077,no,Abandoned,,,,,
Dug Well,Awdal,Zeylac,Timire shalaow,Toqoshi,11.326,43.4166,yes,Abandoned,,,,,
Dug Well,Awdal,Zeylac,Odaywadari3,Odaywadari,11.0878,43.5127,no,Abandoned,,,,,
Dug Well,Awdal,Zeylac,Odaywadari4,Odaywadari,11.0884,43.5133,no,No,,,,,
Dug Well,Awdal,Zeylac,Wadajir,Wadajir,10.4995,43.1632,no,Yes,,3.0,,,
Dug Well,Awdal,Zeylac,Dhadhab,Dhadhaab,11.0393,43.1997,no,Yes,,2.0,,,
Dug Well,Awdal,Zeylac,Xirsibo2,Xirsibo,11.0454,43.2071,no,Abandoned,,2.0,,,
Dug Well,Awdal,Zeylac,Xirsi bow 3,Xirsibo,11.1331,43.2243,no,Abandoned,,2.0,,,
Dug Well,Awdal,Zeylac,Xirsibow1,Xirsi bow1,11.1301,43.2249,no,No,,,,,
Dug Well,Awdal,Zeylac,Barisle2,Lawyacado,11.4383,43.2857,no,Abandoned,,,,,
Dug Well,Awdal,Zeylac,Barisle shallaw1,Lawyacado,11.4383,43.2873,yes,Abandoned,,,,,
Dug Well,Awdal,Zeylac,lawyacaddo,Tokhoshi,11.4325,43.295,Yes,Yes,,3.5,,,
Dug Well,Awdal,Zeylac,Barisleshalow3,Barisle,11.4218,43.2957,yes,Yes,,7.0,,,
Dug Well,Awdal,Zeylac,Langobaale Dug Well,Barisle,11.4246,43.2985,no,Abandoned,,,,,
Dug Well,Awdal,Zeylac,Tokoshi,Zeilac,11.3291,43.419,Yes,Yes,,3.0,,,
Dug Well,Awdal,Zeylac,Aasha Caddo,Ceel Gaal,11.1748,43.4404,,Yes,,3.0,,,
Dug Well,Awdal,Zeylac,CashacadoDug Well,Cashacado,11.1748,43.4407,no,Yes,,3.0,,,
Dug Well,Awdal,Zeylac,Odaywadari2,Odaywadari,11.0857,43.5074,no,Abandoned,,,,,
Dug Well,Awdal,Zeylac,c/qaadir,,10.51555,42.88788,,Yes,,,,,
Dug Well,Awdal,Zeylac,lawyacaddo,,11.4325,43.295,,Yes,,3.5,,,
Dug Well,Awdal,Zeylac,som asha cadda,,11.17484,43.44044,,Yes,,3.0,,,
Dug Well,Awdal,Zeylac,Tokoshi,,11.32905,43.41902,,Yes,,3.0,,,
Spring,Awdal,Baki,Gumbur Xassan,Gargaara,10.3062,43.773,No,No,,,,,
Dug Well,Awdal,Baki,Gego 2,Baki,10.0322,43.3664,Yes,Yes,,7.0,,,
Berkad,Awdal,Borama,,,9.8271,43.2759,,,,,,4.0,
Borehole,Awdal,Borama,Magaalo cad,,9.68264,43.29814,,,,,,,
Borehole,Awdal,Borama,Dhamuug BH 13,Amoud,9.9287,43.2457,Yes,Yes,100.0,,,,
Borehole,Awdal,Borama,Dhamuug BH12,Boorame,9.9425,43.2486,Yes,Yes,51.0,,,,
Borehole,Awdal,Borama,Cadey galiil,Cadey galiile,9.9363,43.25367,Yes,Yes,80.0,,,,
Borehole,Awdal,Borama,Dhamuug BH16,Boorame,9.9363,43.2537,Yes,Yes,42.0,,,,
Borehole,Awdal,Borama,Magaalo Cad,,9.6826,43.2981,,,,,,,
Borehole,Awdal,Borama,Dila BH1,Dila,9.7684,43.3359,Yes,Yes,30.0,,,,
Borehole,Awdal,Borama,Dila BH2,Dila,9.7667,43.3382,No,No,30.0,,,,
Borehole,Awdal,Borama,Dila BH3,Dila,9.7645,43.3418,No,No,25.0,,,,
Borehole,Awdal,Borama,Afraaga,,9.94326,43.07605,,Yes,106.0,,,,
Borehole,Awdal,Borama,Bor; B_039,,9.94372,43.21999,,Yes,,,,,
Borehole,Awdal,Borama,Bor; B_38,,9.93884,43.20155,,Yes,16.2,,,,
Borehole,Awdal,Borama,Bor;B_043,,9.94253,43.24866,,Yes,,,,,
Borehole,Awdal,Borama,Dhamuug,,9.97062,43.21814,,Yes,5.0,,,,
Borehole,Awdal,Borama,Dila,,9.76666,43.33813,,Yes,,,,,
Dam,Awdal,Borama,Abokor Dam,Baki,10.0347,43.3277,Yes,Yes,,,,,
Borehole,Awdal,Borama,Geed_Ceedee,,9.96597,43.17036,,Yes,89.0,,,,
Borehole,Awdal,Borama,Qolijeed,,10.08782,43.02899,,Yes,48.0,,,,
Dug Well,Awdal,Baki,BASHW6,,10.0353,43.3506,Yes,Yes,,3.2,,,
Dug Well,Awdal,Baki,Lafo Maroodi,Baki Town,10.0066,43.3915,Yes,Yes,,,,,
Dug Well,Awdal,Baki,BAGW15,,10.0192,43.3525,Yes,Yes,,7.0,,,
Dug Well,Awdal,Baki,Biyafoge,,10.5086,44.1847,,,,1.5,,,
Dug Well,Awdal,Lughaye,Garaacad 1,,10.7157,43.8222,,Yes,,4.0,,,
Dug Well,Awdal,Zeylac,Caliweci2,Caliweci,10.9676,43.1003,no,Abandoned,,,,,
Dug Well,Awdal,Zeylac,Heemaal,Jidhi,10.5602,43.1442,Yes,Yes,,,,,
Dug Well,Awdal,Borama,Cadaad,Cadaad Town,10.1056,43.2268,No,No,,14.0,,,
Spring,Awdal,Borama,Hadiile 4,Xamarta,10.1065,43.3215,Yes,Yes,,,,,
Spring,Awdal,Borama,Hadiile 3,Xamarta,10.1069,43.3245,Yes,Yes,,,,,
Dug Well,Awdal,Baki,Fuguxo,Ceel Sheekh,10.499,44.2023,Yes,Yes,,3.5,,,
Spring,Awdal,Borama,Gol Fadhi,Xoorey,10.1738,43.3365,Yes,Yes,,,,,
Dug Well,Awdal,Borama,Fadhi Xun 4,Weeraar,10.2922,43.296,Yes,Yes,,7.0,,,
Spring,Awdal,Borama,Xamar,Weeraarta,10.2484,43.2585,Yes,Yes,,,,,
Dug Well,Awdal,Baki,Qotonka Qardhiile,Qotonka Qardhhiile,10.0489,43.5469,Yes,Yes,,3.7,,,
Dug Well,Awdal,Baki,Sheed Dheer 1,Garbo Dadar,10.2999,43.5209,Yes,Yes,,4.0,,,
Dug Well,Awdal,Lughaye,Xoog Faras/W-033,,10.4879,43.47062,,,,8.0,,,
Dug Well,Awdal,Borama,Camuud 1,Boorame Town,9.9481,43.2335,Yes,Yes,,8.5,,,
Borehole,Awdal,Borama,Gargooray,Gargooray,10.3314,43.0962,No,No,,,,,
Dug Well,Awdal,Baki,Ruqi,,9.9465,43.3469,,Yes,,4.0,,,
Dug Well,Awdal,Baki,Lafo Maroodi 2,Baki,10.0115,43.3901,Yes,,,7.0,,,
Borehole,Awdal,Borama,Afraaga,Afraaga,9.9432,43.076,Yes,Yes,105.0,,,,
Borehole,Awdal,Zeylac,Habas,Habas,10.4259,42.8214,Yes,Yes,30.0,,,,
Borehole,Awdal,Borama,Holhol,Holhol Town,9.9209,43.1329,,Abandoned,,,,,
Dug Well,Awdal,Baki,Sheed Dheerz,Garbo Dadar,10.2998,43.5214,No,No,,,,,
Dug Well,Awdal,Borama,BABOW1,,10.0336,43.335,Yes,Yes,,4.8,,,
Dug Well,Awdal,Borama,Abokor Cadaawe 3,Baki Town,10.0343,43.3432,Yes,Yes,,,,,
Dug Well,Awdal,Borama,Cad Cad 2,Jaaraa Horoto,9.8638,43.3266,Yes,Yes,,8.0,,,
Borehole,Awdal,Lughaye,Kalawle BH2,Kalawle,10.5533,43.8519,No,No,,,,,
Borehole,Awdal,Borama,Dhamuug BH17 Shayla,Boorame,9.909,43.2026,Yes,Yes,34.0,,,,
Borehole,Awdal,borama,Afraag BH4,Cunaqabad,9.9313,43.0772,Yes,Abandoned,100.0,,,,
Borehole,Awdal,Borama,Qolijeed,Qolijeed,10.0878,43.029,Yes,Yes,55.0,,,,
Borehole,Awdal,Borama,Abasa BH1,Abasa,10.1724,43.1472,Yes,Yes,30.0,,,,
Dug Well,Awdal,Baki,Kibali,Ceel Sheekh,10.4391,44.2057,,,,,,,
Borehole,Awdal,Borama,Agomaha BH2,Agoomaha,9.9389,43.2015,Yes,Yes,70.0,,,,
Borehole,Awdal,Baki,Waraabe dareeri bore hole,Waraabe dareeri,10.2745,43.6708,Yes,Yes,18.0,,,,
Dug Well,Awdal,Borama,Lafa Maroodi 3,Baki Town,10.0104,43.347,Yes,Yes,,9.0,,,
Borehole,Awdal,Zeylac,Waraaboodka,Waraaboodka,11.2657,43.3013,Yes,Yes,47.0,,,,
Borehole,Awdal,Baki,Warqa dhigta bore hole,Warqa dhigta,10.1776,43.6166,Yes,Yes,15.0,,,,
Borehole,Awdal,Baki,Hadayta bore hole,Hadayta,10.5198,44.0249,Yes,No,40.0,,,,
Borehole,Awdal,Baki,Abdi geedi bore hole,Abdi geedi,10.5086,44.0493,Yes,Yes,16.0,,,,
Borehole,Awdal,Baki,Ceel La helay Bore hole,Ceel LA helay,10.2685,44.0824,Yes,Yes,60.0,,,,
Borehole,Awdal,Baki,Fardaale farm bore hole,Ceel La helay,10.3257,44.1176,Yes,Yes,30.0,,,,
Borehole,Awdal,Borama,Quljeed BH3,Quljeed,10.0942,43.0154,Yes,Yes,30.0,,,,
Dug Well,Awdal,Borama,Biyo Cad Dug Well,Gorayo Cawl,9.8978,43.2356,Yes,Yes,,1.0,,,
Borehole,Awdal,Borama,Quljed BH1,Quljed,10.0879,43.029,Yes,Yes,61.3,,,,
Borehole,Awdal,Borama,Quljeed BH2,Quljeed,10.0839,43.0488,Yes,Yes,30.0,,,,
Borehole,Awdal,Borama,Degmolaqas,Degmo laqas,9.9464,43.0747,Yes,Yes,80.0,,,,
Borehole,Awdal,Borama,Afraag BH1,Afraaga,9.9432,43.0761,Yes,Yes,100.0,,,,
Borehole,Awdal,Borama,Afraag BH2,Afraag,9.9431,43.0761,Yes,Yes,75.0,,,,
Borehole,Awdal,Borama,Afraag BH3,Afraag,9.9355,43.081,Yes,Yes,100.0,,,,
Borehole,Awdal,Borama,Gor goorey,Gor goorey,10.3238,43.0966,Yes,No,51.0,,,,
Borehole,Awdal,Borama,Abdi farah Ahmed,Saw hotel,9.9049,43.1613,Yes,No,50.0,,,,
Borehole,Awdal,Borama,Cabdi farah Ahmed BH,Saw Hotel,9.9049,43.1641,Yes,Yes,50.0,,,,
Borehole,Awdal,Borama,Xaliimaale,Xaliimaale Town,10.2503,43.1632,Yes,No,105.0,,,,
Borehole,Awdal,Borama,Abasa BH2,Abasa,10.1573,43.1668,Yes,Yes,36.0,,,,
Borehole,Awdal,Zeylac,Laagta Morohda,Laagta Morohda,10.8468,43.2621,Yes,Yes,,,,,
Borehole,Awdal,Borama,Qaws BH,Tuur qayle,9.96596,43.17034,Yes,Abandoned,115.0,,,,
Borehole,Awdal,Borama,Qows,Tuur qaylo,9.966,43.1703,No,No,89.0,,,,
Borehole,Awdal,Borama,Saw hotel,Saw hotel,9.9146,43.1777,Yes,Yes,90.0,,,,
Borehole,Awdal,Borama,Agoomaha BH4,Amoud,9.9462,43.1926,Yes,Yes,50.0,,,,
Borehole,Awdal,Borama,ARC BH1,Boorame,9.94617,43.19262,Yes,No,31.0,,,,
Borehole,Awdal,Zeylac,Caynajirbh,Toqoshi,11.3034,43.3532,No,No,,,,,
Borehole,Awdal,Lughaye,Kalawla bore hole 2,Kalowle,10.5534,43.8518,Yes,Yes,,,,,
Borehole,Awdal,Lughaye,Kalawle/B-050,,10.55195,43.8518,,Yes,63.7,,,,
Borehole,Awdal,Lughaye,Karuure/B-051,,10.75181,43.59154,,,68.5,,,,
Borehole,Awdal,Lughaye,Karuure BH1,Karuure,10.7518,43.5915,Yes,Yes,70.0,,,,
Borehole,Awdal,Lughaye,Karuura bore hole 1,Karuure,10.7531,43.59,Yes,Yes,70.0,,,,
Borehole,Awdal,Zeylac,Team3,Xarirad,10.3159,42.8293,Yes,Yes,20.0,,,,
Borehole,Awdal,Zeylac,Jidhibh,Jidhi,10.6252,43.0718,Yes,Yes,35.0,,,,
Borehole,Awdal,Zeylac,Jidhi,Jidhi,10.6253,43.0718,Yes,Yes,65.0,,,,
Borehole,Awdal,Zeylac,Lantamorhda,Lantamorohda,10.8467,43.2621,Yes,Yes,130.0,,,,
Borehole,Awdal,Zeylac,Warabodbh,Toqoshi,11.2657,43.3011,Yes,Yes,40.0,,,,
Borehole,Awdal,Zeylac,Quudabh,Toqoshi,11.3257,43.3771,Yes,Yes,24.0,,,,
Borehole,Awdal,Zeylac,Ceelgaal BH1,Ceelgaal,10.9757,43.4382,Yes,Yes,80.0,,,,
Dug Well,Awdal,Baki,Gego,Baki,10.0318,43.3655,,,,7.0,,,
Dug Well,Awdal,Borama,Dabadilaac,Fiqi Aadan,10.3857,43.2339,Yes,Yes,,4.0,,,
Spring,Awdal,Borama,IL Gorey 3,Baki,10.07,43.3338,Yes,Yes,,,,,
Dug Well,Awdal,Borama,Fadhi Xun 1,Weeraar,10.2924,43.2962,Yes,Yes,,7.0,,,
Dug Well,Awdal,Borama,Heg well 1,,10.0672,43.2503,Yes,Yes,,6.5,,,
Spring,Awdal,Baki,Garaska,Xoorey,10.1897,43.4359,Yes,Yes,,,,,
Dug Well,Awdal,Zeylac,Habaas,Cabdi Qaabir,10.4319,42.8116,Yes,Yes,,4.0,,,
Dug Well,Awdal,Baki,BGWW45,,10.0347,43.3517,Yes,Yes,,3.9,,,
Spring,Awdal,Baki,Nidiq,Qabuurta,10.0489,43.4948,No,Yes,,,,,
Dug Well,Awdal,Borama,Laas Dhuure Dug Well,Xeego Town,10.0821,43.2598,,Abandoned,,3.0,,,
Dug Well,Awdal,Baki,RHSW44,,9.9511,43.4339,Yes,Yes,,6.7,,,
Spring,Awdal,Zeylac,Isha Dibiro Weyne,Habaas,10.4182,42.814,Yes,Yes,,,,,
Dug Well,Awdal,Baki,Ceel La Helay 3,Bildhaaley,10.2694,44.0827,,,,6.5,,,
Dug Well,Awdal,Zeylac,Baxarasafka2,Baxarasafka,10.5545,42.9087,no,No,,,,,
Dug Well,Awdal,Zeylac,Magab,Abdiqadir,10.5146,42.8882,no,No,,,,,
Dug Well,Awdal,Borama,BABOW3,,10.0194,43.335,Yes,Yes,,3.3,,,
Dug Well,Awdal,Zeylac,Abdiqadir 1,Abdiqadir,10.5153,42.8882,no,Yes,,3.0,,,
Dug Well,Awdal,Baki,BAGW16,,10.0192,43.3528,Yes,Yes,,6.0,,,
Dug Well,Awdal,Borama,Cad Cad 3,Jaaraa Horoto,9.8636,43.3266,Yes,Yes,,2.0,,,
Dug Well,Awdal,Zeylac,Nuur odawa2,Nuur odawa,10.6155,42.7477,no,Abandoned,,,,,
Dug Well,Awdal,Baki,Old Baki 1,Old Baki Town,9.946,43.3469,Yes,Yes,,1.5,,,
Dug Well,Awdal,Baki,Geb,Sheed Dheer,10.3085,43.4693,Yes,Yes,,5.0,,,
Dug Well,Awdal,Baki,BASHW7,,10.0344,43.3508,Yes,Yes,,10.0,,,
Dug Well,Awdal,Baki,BAGW4,,10.0189,43.3525,Yes,Yes,,7.5,,,
Spring,Awdal,Borama,IL Gorey 1,Baki Town,10.0726,43.3347,Yes,Yes,,,,,
Dug Well,Awdal,Baki,BAGW13,,10.0025,43.3525,Yes,Yes,,7.3,,,
Dug Well,Awdal,Baki,Old Baki 2,Old Baki,9.9465,43.3469,Yes,Yes,,3.0,,,
Dug Well,Awdal,Zeylac,Say; W_026,,10.43128,42.81009,,Yes,,,,,
Dug Well,Awdal,Baki,Ceel La Helay 1,,10.2692,44.0827,,Yes,,1.5,,,
Dug Well,Awdal,Baki,BGWW52,,10.0347,43.3525,Yes,Yes,,10.0,,,
Dug Well,Awdal,Baki,RJGW03,,9.9681,43.4192,Yes,Yes,,6.0,,,
Dug Well,Awdal,Baki,BAGW9,,10.0194,43.3522,Yes,Yes,,5.0,,,
Dug Well,Awdal,Zeylac,Dudub,Dudub,10.3808,42.8103,no,Abandoned,,,,,
Dug Well,Awdal,Baki,RHSW43,,9.9525,43.4194,Yes,Yes,,10.0,,,
Dug Well,Awdal,Baki,Abdi cige caynashe,Old bki,9.9467,43.3474,yes,Yes,,2.0,,,
Dug Well,Awdal,Baki,BAGW10,,10.0192,43.3522,Yes,Yes,,10.5,,,
Dug Well,Awdal,Baki,BAGW8,,10.0333,43.3522,Yes,Yes,,7.5,,,
Dam,Awdal,Borama,Idiris Dam,Boorame Town,9.9295,43.1643,,Yes,,,,,
Dug Well,Awdal,Baki,BAGW11,,10.0336,43.3522,Yes,Yes,,3.8,,,
Dug Well,Awdal,Baki,BAGW12,,10.0336,43.3525,Yes,Yes,,5.6,,,
Dug Well,Awdal,Baki,BAGW17,,10.0192,43.3667,Yes,Yes,,6.4,,,
Dug Well,Awdal,Baki,BAGW23,,10.0183,43.3669,Yes,Yes,,9.0,,,
Dug Well,Awdal,Baki,Caroweyn,Caro weyn,10.2802,43.4125,yes,Yes,,4.0,,,
Dug Well,Awdal,Baki,RGGW06,,9.9692,43.4175,Yes,Yes,,7.8,,,
Dug Well,Awdal,Baki,RQDHW,,9.9667,43.4178,Yes,Yes,,8.5,,,
Dug Well,Awdal,Baki,RIWW01,,9.9678,43.4189,Yes,Yes,,10.3,,,
Dug Well,Awdal,Baki,Ruqi,Ruqi,9.9688,43.4325,yes,Yes,,3.0,,,
Dug Well,Awdal,Baki,RHW2,,9.9683,43.4339,Yes,Yes,,10.5,,,
Dug Well,Awdal,Baki,RHW1,,9.9683,43.4342,No,No,,13.4,,,
Dug Well,Awdal,Baki,Sheed-Dheer 1,,10.3215,43.4876,,,,8.0,,,
Dug Well,Awdal,Baki,Sheed dheer Dug Well,Sheed dheer,10.2997,43.5212,yes,Yes,,8.0,,,
Dug Well,Awdal,Baki,Warqa dhigta shellow,Warqa dhigta,10.1788,43.619,yes,Yes,,3.0,,,
Dug Well,Awdal,Baki,Garabo dadar shellow,Garabo dadar,10.2204,43.6264,yes,Yes,,2.0,,,
Dug Well,Awdal,Baki,Sheed-Dheer 3,,10.2232,43.6272,,Yes,,,,,
Dug Well,Awdal,Borama,Daremacane,Daremacane,9.9662,43.2217,yes,Yes,,3.0,,,
Dug Well,Awdal,Borama,ADAD WELL 2,,10.1358,43.25,Yes,Yes,,4.0,,,
Dug Well,Awdal,Borama,HEG.W4,,10.0667,43.2514,Yes,Yes,,4.0,,,
Dug Well,Awdal,Borama,Xeego,Xeego,10.0815,43.263,yes,Yes,,3.0,,,
Dug Well,Awdal,Zeylac,Saylac,,10.4313,42.8101,,Yes,,,,,
Dug Well,Awdal,Borama,Fadhi xun,Fadhi xun,10.2913,43.296,yes,Yes,,5.0,,,
Dug Well,Awdal,Borama,Fadhi Xun 2,Weeraar,10.2922,43.296,Yes,No,,6.0,,,
Dug Well,Awdal,Zeylac,Madaxdadley,Madaxdadlay,10.5569,42.9519,no,Yes,,4.0,,,
Dug Well,Awdal,Borama,Jarahoroto cad cad,Jarahoroto,9.8641,43.3266,yes,Yes,,1.0,,,
Dug Well,Awdal,Borama,Cad Cad 1,Jaaraa Horoto,9.8642,43.3268,Yes,Yes,,6.0,,,
Dug Well,Awdal,Borama,Old Camuud,Boorame Town,9.9372,43.3272,Yes,Yes,,5.0,,,
Dug Well,Awdal,Borama,BABOW5,,10.0189,43.3344,Yes,Yes,,6.3,,,
Dug Well,Awdal,Borama,BABOW4,,10.0192,43.3347,Yes,Yes,,5.7,,,
Dug Well,Awdal,Lughaye,Garaaca Dug Well,Garaaca,10.715,43.8219,yes,Yes,,4.0,,,
Dug Well,Awdal,Lughaye,Iddo cadays shellow well,Iddo cadays,10.6166,44.0303,yes,Yes,,9.0,,,
Dug Well,Awdal,Lughaye,Farda Lagu-Xigh/W-034,,10.40974,43.45078,,,,12.0,,,
Dug Well,Awdal,Lughaye,Garaaca/W-031,,10.7157,43.82224,,Yes,,4.0,,,
Dug Well,Awdal,Lughaye,Geerisa/W-032,,10.60942,43.43285,,Yes,,10.0,,,
Dug Well,Awdal,Zeylac,Nuur odowa,Nuur odowa,10.6152,42.7484,no,Yes,,2.0,,,
Dug Well,Awdal,Zeylac,Habas2,Habas,10.4313,42.81,no,No,,3.0,,,
Dug Well,Awdal,Zeylac,Habaas 2,Cabdi Qaadir,10.4313,42.8101,Yes,Yes,,,,,
Dug Well,Awdal,Zeylac,Habas1,Habas,10.4297,42.8132,no,Yes,,3.0,,,
Dug Well,Awdal,Zeylac,Dahir,Abdiqadir,10.5065,42.8829,no,Yes,,2.0,,,
Dug Well,Awdal,Zeylac,c/qaadir,,10.5156,42.8879,,Yes,,,,,
Dug Well,Awdal,Zeylac,Shiikhaware,Shiikhaware,10.4442,43.0493,no,Yes,,3.0,,,
Dug Well,Awdal,Zeylac,Caliwaci1,Calieweci,10.9705,43.102,no,Yes,,,,,
Spring,Awdal,Baki,Beeyo Kulul,Dacawaley,10.4249,43.613,Yes,Yes,,,,,
Dam,Awdal,Borama,Dr. Qaws Dam,Boorame,9.9645,43.1711,No,Yes,,,,,
Spring,Awdal,Borama,Himbil,Xoorey,10.1785,43.3594,No,Yes,,,,,
Dam,Awdal,Borama,Derida Daba Buureed,Afraaga,9.9457,43.0832,Yes,Yes,,,,,
Dam,Awdal,Baki,Jaaraa Horoto,Jaaraa Horoto,9.8336,43.3404,No,Yes,,,,,
Dam,Awdal,Borama,Magaalacad dam 1,Magaalacad,9.6917,43.2853,Yes,Yes,,,1.0,,
Dam,Awdal,Borama,Magaalacad dam 3,Magaalacad,9.6952,43.3034,Yes,Yes,,,1.0,,
Dam,Awdal,Borama,Ciise farax geele,Dila,9.7755,43.3471,Yes,Yes,,,1.0,,
Dam,Awdal,Borama,Abdi hassan cige,Dila,9.7658,43.3302,Yes,Yes,,,2.0,,
Dam,Awdal,Borama,Holhol Dam,Holhol Town,9.9206,43.1403,Yes,Yes,,,,,
Dam,Awdal,Borama,Magaalo Cad 1,Magaalo Cad,9.6948,43.2974,No,Yes,,,,,
Dam,Awdal,Borama,Carro Garanuug,Boorame Town,9.9699,43.1458,Yes,Yes,,,,,
Dam,Awdal,Borama,Hol hol,Hol hol,9.9207,43.1412,Yes,Yes,,,3.0,,
Dam,Awdal,Borama,Magaalacad dam 2,Magaalacad,9.6965,43.2972,Yes,Yes,,,1.0,,
Dam,Awdal,Borama,Dam mixile,Amoud,9.9554,43.2356,Yes,No,,,,,
Dam,Awdal,Borama,Tuur qayle,Tuur qayle,9.9643,43.1708,Yes,Yes,,,1.0,,
Dam,Awdal,Borama,Abuqays,Abuqays,9.9276,43.1106,Yes,Yes,,,3.0,,
Dam,Awdal,Borama,Idiris,Borama,9.9297,43.1649,Yes,Yes,,,-5.0,,
Dam,Awdal,Borama,Ahmed daaud,Dila,9.7738,43.3446,No,No,,,0.0,,
Dam,Awdal,Borama,Mahamed daauud,Dila,9.7712,43.3451,No,No,,,1.0,,
Spring,Awdal,Baki,Ruqi 2,Ruqi Town,9.9701,43.4357,Yes,Yes,,,,,
Spring,Awdal,Baki,Ruqi 3,Ruqi,9.982,43.433,No,Yes,,,,,
Spring,Awdal,Zeylac,Mashruuca Dibira Weyne,,10.432,42.8233,,Yes,,,,,
Spring,Awdal,Zeylac,Saabuunle,Cabdilqaadir,10.5176,42.8888,Yes,Yes,,,,,
Spring,Awdal,Lughaye,Farado lag xidh,Fardo lugu xidh spring,10.4053,43.4481,no,Yes,,,,,
Spring,Awdal,Zeylac,Baxarasaf,Bxarasaf,10.5582,42.9095,no,Yes,,,,,
Spring,Awdal,Baki,Ceel La Helay Spring,Ceel La Helay,10.2825,44.0844,Yes,Yes,,,,,
Spring,Awdal,Baki,Dur durka xamarta,Dur Durka xamarta,10.1281,43.3677,yes,Yes,,,,,
Spring,Awdal,Baki,Ruqi 1,Ruqi  Town,9.9699,43.4327,Yes,Yes,,,,,
Spring,Awdal,Baki,Ruki,,9.9701,43.433,,,,,,,
Spring,Awdal,Baki,Celi,,10.2133,43.6253,,Yes,,,,,
Spring,Awdal,Baki,Garabo dadar spring,Garabo dadar,10.2343,43.6394,yes,Yes,,,,,
Spring,Awdal,Baki,Qsali,Osali,10.4172,43.7011,Yes,Yes,,,,,
Spring,Awdal,Baki,Qabri baxar spring,Qabri baxar velly,10.2882,43.7136,no,Yes,,,,,
Spring,Awdal,Baki,Beliga spring,Baliga,10.3078,43.7375,no,Yes,,,,,
Spring,Awdal,Baki,Gargaara spring,Gargaara bari,10.313,43.8065,yes,Yes,,,,,
Spring,Awdal,Baki,Celi/S-OO4,,10.21332,43.62526,,Yes,,,,,
Spring,Awdal,Baki,Qsali/S-003,,10.41723,43.7011,,,,,,,
Spring,Awdal,Baki,Ruki,,9.97009,43.43296,,,,,,,
Spring,Awdal,Baki,Ruqi/S-001,,9.97009,43.43296,,Yes,,,,,
Spring,Awdal,Borama,Xarirad spring,Xarirad,10.3265,42.8414,no,Yes,,,,,
Spring,Awdal,Borama,Isha Xariirad,Xariirad,10.3279,42.8431,Yes,Yes,,,,,
Spring,Awdal,Borama,Xareed Madihe Darya Dheere Valley,xariirad,10.2326,42.9032,Yes,Yes,,,,,
Spring,Awdal,Borama,Ciinka,Xariirad,10.2324,42.904,Yes,Yes,,,,,
Spring,Awdal,Borama,Darayo,Darayo,10.2623,42.9051,yes,Yes,,,,,
Spring,Awdal,Borama,Nadhi Valley,Jirjir Village,10.0708,43.1123,Yes,Yes,,,,,
Spring,Awdal,Borama,Xaliimaale Cadde,Xaliimaale,10.2316,43.1874,Yes,Yes,,,,,
Spring,Awdal,Borama,darey Macane Spring,Boorame,9.9767,43.2175,Yes,Yes,,,,,
Spring,Awdal,Borama,Laas Dhuure river,Xeego Town,10.0808,43.2582,No,Yes,,,,,
Spring,Awdal,Zeylac,Darbixoore,Darbixoore,10.5012,42.8822,no,No,,,,,
Spring,Awdal,Zeylac,Abdiqadir,Abdiqadir,10.5165,42.8883,no,Yes,,,,,
Spring,Awdal,Zeylac,Khadar ilyas,Khadar ilyas,10.5734,42.9964,no,Yes,,,,,
Spring,Awdal,Zeylac,Gargara galbeed,Gargara galbeed,10.7706,43.0421,no,Yes,,,,,
Spring,Awdal,Zeylac,Shiikhaware,Shiikhaware,10.4601,43.0528,yes,Yes,,,,,
Spring,Awdal,Zeylac,Hemaal,Hemaaaldhere,10.5598,43.1437,no,Yes,,,,,
Spring,Awdal,Zeylac,Wadajir,Wadajir,10.4775,43.154,no,Yes,,,,,
Spring,Awdal,Zeylac,Habaas,,10.43198,42.82333,,Yes,,,,,
Spring,Awdal,Zeylac,Mashruuca Dibira Weyne/S-002,,10.43198,42.82333,,Yes,,,,,
Berkad,Awdal,Borama,,,10.1772,43.1382,,,,,,3.0,
Berkad,Awdal,Borama,,,9.8287,43.3241,,,,,,3.5,
Berkad,Awdal,Borama,,,10.0584,43.0614,,,,,,4.0,
Berkad,Awdal,Borama,,,9.9453,43.1326,,,,,,4.0,
Berkad,Awdal,Borama,,,10.068,43.0537,,,,,,4.0,
Berkad,Awdal,Borama,,,9.9293,43.116,,,,,,4.0,
Berkad,Awdal,Borama,,,10.068,43.0537,,,,,,4.0,
Berkad,Awdal,Borama,Qalooc,Qalooc,9.7294,43.2922,yes,Yes,,,,3.0,
Berkad,Awdal,Borama,Shirwac,Shirwac,9.8398,43.2767,yes,No,,,,4.0,
Berkad,Awdal,Borama,,,9.7321,43.3049,,,,,,3.5,
Berkad,Awdal,Borama,,,9.7346,43.3033,,,,,,3.5,
Berkad,Awdal,Borama,,,9.7349,43.2905,,,,,,3.5,
Berkad,Awdal,Borama,,,9.8346,43.3121,,,,,,3.5,
Berkad,Awdal,Borama,,,9.7934,43.3361,,,,,,3.5,
Berkad,Awdal,Borama,,,9.8267,43.2851,,,,,,4.0,
Berkad,Awdal,Borama,,,9.8134,43.2885,,,,,,4.0,
Berkad,Awdal,Borama,,,9.8648,43.2323,,,,,,3.5,
Berkad,Awdal,Borama,,,10.0503,43.0624,,,,,,4.0,
Berkad,Awdal,Borama,,,9.9711,43.1731,,,,,,4.0,
Berkad,Awdal,Borama,,,10.0981,43.0798,,,,,,3.5,
Berkad,Awdal,Borama,,,10.0973,43.1118,,,,,,3.5,
Berkad,Awdal,Borama,,,10.106,43.0275,,,,,,3.7,
Berkad,Awdal,Borama,,,10.1998,43.1042,,,,,,3.5,
Berkad,Awdal,Borama,,,9.8118,43.2886,,,,,,3.5,
Berkad,Awdal,Borama,,,9.9453,43.1326,,,,,,4.0,
Berkad,Awdal,Borama,,,9.9293,43.116,,,,,,4.0,
Berkad,Awdal,Borama,,,10.0434,43.0891,,,,,,4.0,
Berkad,Awdal,Borama,,,9.9293,43.116,,,,,,4.0,
Berkad,Awdal,Borama,,,9.8676,43.2785,,,,,,4.0,
Others_Togga,Awdal,Borama,Ceel Baxay/T-011,,10.29525,42.96098,,Yes,,,,,
Others_Togga,Awdal,Baki,Dibad Valley/T-021,,10.31812,43.80807,,Yes,,,,,
Others_Togga,Awdal,Baki,Sheed-Dheer/T-019,,10.30117,43.52148,,Yes,,,,,
Others_Togga,Awdal,Baki,Dacawaley/T-016,,10.4358,43.64674,,Yes,,,,,
Others_Togga,Awdal,Borama,Saylac,,10.29525,42.96098,,Yes,,,,,
Others_Togga,Awdal,Borama,Dhagax madow,,10.23956,43.1766,,Yes,,,,,
Others_Togga,Awdal,Borama,Cara-Cad/T-009,,10.08005,43.07902,,Yes,,,,,
Others_Togga,Awdal,Borama,Jirjir,,10.08005,43.07902,,Yes,,,,,
Others_Togga,Awdal,Borama,Xariirad,,10.3236,42.83979,,Yes,,,,,
Others_Togga,Awdal,Borama,Xariirad/T-012,,10.3236,42.83979,,Yes,,,,,
Others_Togga,Awdal,Borama,Dagmo-Laqas/T-007,,9.9766,43.07329,,Yes,,,,,
Others_Togga,Awdal,Borama,Degmo_lagas,,9.9766,43.07329,,Yes,,,,,
Others_Togga,Awdal,Borama,Dhagaxa Madow/T-010,,10.23956,43.1766,,Yes,,,,,
Others_Togga,Awdal,Lughaye,Hadhwanaag/T-022,,10.66838,43.89196,,Yes,,,,,
Others_Togga,Awdal,Lughaye,Xussein/T-017,,10.56007,43.25002,,Yes,,,,,
Others_Togga,Awdal,Zeylac,Bariisle/T-014,,11.43215,43.29508,,Yes,,,,,
Others_Togga,Awdal,Zeylac,lawyacaddo tog,,11.43215,43.29508,,Yes,,,,,
Others_Togga,Awdal,Zeylac,Odawaa/T-015,,11.09402,43.52708,,Yes,,,,,
Others_Togga,Awdal,Zeylac,Sheikh Awaare/T-018,,10.55536,43.13724,,Yes,,,,,
Others_Togga,Awdal,Zeylac,Jidhi/T-013,,10.60266,43.0442,,Yes,,,,,
Others_Togga,Awdal,Zeylac,Jidhi_a,,10.60266,43.0442,,Yes,,,,,
Dug Well,Awdal,Borama,Cad Cad 5,Jaaraa Horoto,9.8634,43.3266,Yes,Yes,,2.0,,,
Dug Well,Awdal,Borama,Xalimale,Boon,10.20124,43.04693,,Yes,,2.0,,,
Dug Well,Awdal,baki,Baki 6,Baki,10.0270341,43.3684144,yes,Yes,,,,,
Dug Well,Awdal,baki,Xil. Mahdi,Baki ,10.0294702,43.3676656,yes,Yes,,6.0,,,
Dug Well,Awdal,borama,Carro-weyn dug well,Carro weyn,10.2770499,43.4122033,yes,Yes,,4.0,,,
Dug Well,Awdal,lughaye,Geerisa dug well,Geerisa ,10.6083806,43.4322298,yes,Yes,,12.0,,,
Dug Well,Awdal,lughaye,Gargaara bari,Gargaara,10.3088798,43.8060581,yes,Yes,,4.0,,,
Dug Well,Awdal,zeylac,Aasha caddo,caasha caddo,11.1747362,43.4406391,yes,Yes,,4.0,,,
Dug Well,Awdal,baki,Baki 2,Baki,10.0279884,43.3705481,yes,Yes,,4.0,,,
Dug Well,Awdal,baki,Baki dug well 1,Baki,10.027075,43.3709305,yes,Yes,,4.0,,,
Dug Well,Awdal,zeylac,Bariisle,Lawyo codo,11.42396,43.29576,yes,Yes,,4.0,,,
Dug Well,Awdal,zeylac,Sheed dheer dug well,Sheed dheer,10.3008612,43.5226104,yes,Yes,,5.0,,,
Dug Well,Awdal,zeylac,Garbodadar dug well,Garbodadar,10.2208626,43.6261773,yes,Yes,,3.0,,,
Dug Well,Awdal,zeylac,Xariirad dug wells,Xariirad,10.32369,42.83967,yes,Yes,,2.0,,,
Dug Well,Awdal,zeylac,Xariirad dug well,Xariirad,10.3266971,42.8408477,yes,Yes,,2.0,,,
Dug Well,Awdal,zeylac,C.qadir dug well,C.qadir,10.5148562,42.8891548,yes,Yes,,2.0,,,
Dug Well,Awdal,lughaye,Tuurka dug well,Tuurka,10.283607,43.72925,yes,Yes,,4.0,,,
Dug Well,Awdal,lughaye,Cabdi geedi dugwell,Cabdi geedi,10.5072242,44.0594218,yes,Yes,,12.0,,,
Dug Well,Awdal,baki,Baki 4,Baki,10.0275331,43.3689784,yes,Yes,,5.0,,,
Dug Well,Awdal,zeylac,Dabadilaac BH,Daba dilaac,10.3803895,43.2572757,yes,Yes,,6.0,,,
Dug Well,Awdal,zeylac,Gab dug well,Gab,10.3206462,43.4905879,yes,Yes,,3.0,,,
Dug Well,Awdal,baki,Abdi Ahmed Dugwell,Baki,10.0253504,43.3706647,yes,Yes,,13.0,,,
Dug Well,Awdal,borama,Xooga cadaada dug well,Xooga cadaada,10.1518605,43.0595909,yes,Yes,,9.0,,,
Dug Well,Awdal,baki,Baki 7,Baki,10.0266271,43.3711706,yes,Yes,,4.0,,,
Borehole,Awdal,borama,Ilma xuseen haddi,Camuud,9.9500027,43.2287519,yes,No,80.0,,,,
Dug Well,Awdal,baki,Baki dug well,Baki,10.0268887,43.3708927,yes,No,,5.0,,,
Borehole,Awdal,borama,Dhamuug 1,Dhamuug,9.9512105,43.2164363,no,Abandoned,,,,,
Borehole,Awdal,borama,Fiqi aadan BH,Boon,10.37231,43.192602,yes,No,,,,,
Dug Well,Awdal,lughaye,Ceel sheikh,Ceel sheekh,10.4155095,44.2900121,no,No,,10.0,,,
Borehole,Awdal,borama,Shaaba 4,Dhamuug,9.9493974,43.2197272,no,Abandoned,,,,,
Borehole,Awdal,borama,Shaaba 14,Camuud,9.9376283,43.2219744,no,Abandoned,,,,,
Borehole,Awdal,lughaye,Xaaji xuseen BH,Xaaji xuseen,10.6285946,43.6126729,yes,No,80.0,,,,
Borehole,Awdal,borama,Shaaba 7,Camuud,9.9472699,43.2243669,no,Abandoned,,,,,
Borehole,Awdal,borama,Shaaba 29,Afraaga,9.9354794,43.080968,yes,No,116.0,,,,
Borehole,Awdal,borama,Dhamuug 3,Dhamuug,9.9504006,43.2160525,no,No,,,,,
Borehole,Awdal,borama,Shaaba 6,Camuud,9.9463458,43.2241934,no,Abandoned,,,,,
Borehole,Awdal,borama,Shaaba 27,Afraaga,9.9431062,43.0760915,yes,No,115.0,,,,
Borehole,Awdal,borama,Shaaba 28,Dhamuug,9.9315038,43.0772687,yes,No,115.0,,,,
Borehole,Awdal,borama,Shaaba 18,Shaylamaha,9.9094093,43.2016421,yes,Abandoned,,,,,
Borehole,Awdal,borama,Daahir rayaale,Camuud,9.9480926,43.2296065,no,Abandoned,,,,,
Borehole,Awdal,borama,Dhamuug Bh 2,Dhamuug,9.9510198,43.2173387,no,Abandoned,,,,,
Borehole,Awdal,borama,Maxamed caduur,Camuud,9.9526945,43.2273518,yes,Yes,70.0,,,,
Borehole,Awdal,borama,Osman farah BH,Borame,9.9049656,43.164146,yes,Yes,80.0,,,,
Spring,Awdal,zeylac,Dhanaan spr,Idaar,10.4774621,43.1539438,yes,Yes,,,,,
Borehole,Awdal,borama,Magaalo cad BH 2,Magaalo cad,9.638546,43.3078204,yes,Yes,51.0,,,,
Borehole,Awdal,borama,Magaalo cad BH 1,Magaalo cad,9.642868,43.3009733,yes,Yes,70.0,,,,
Borehole,Awdal,borama,Afraaga Bh,Afraaga,9.9432199,43.0760245,yes,Yes,115.0,,,,
Borehole,Awdal,lughaye,Garaaca jaleelaale Borehole,Garaaca,10.60117,43.82159,yes,Yes,40.0,,,,
Borehole,Awdal,lughaye,Geerisa 1,Geerisa,10.6090908,43.434292,yes,Yes,20.0,,,,
Borehole,Awdal,lughaye,Kalawle 1,Kalawle,10.5521441,43.8517476,yes,Yes,70.0,,,,
Borehole,Awdal,baki,Fadhixun,Fadhixun,9.5490207,44.051944,yes,Yes,240.0,,,,
Borehole,Awdal,borama,Dilla BH 2,Dilla,9.7666846,43.3381462,yes,Yes,50.0,,,,
Borehole,Awdal,lughaye,Magaadoole BH,Magaadoole,10.5587245,43.6406704,yes,Yes,5.0,,,,
Borehole,Awdal,lughaye,Kalawle 2,Kalawle,10.5531745,43.8517886,yes,Yes,70.0,,,,
Borehole,Awdal,zeylac,Saleebaan borehole,Sheed-dheer,10.2912471,43.5557385,yes,Yes,35.0,,,,
Borehole,Awdal,zeylac,Caasho-caddo Boon,Boon,10.2375338,43.0789754,yes,Yes,60.0,,,,
Borehole,Awdal,zeylac,Gargooraya BH,Garbooray,10.3235368,43.0965222,yes,Yes,50.0,,,,
Borehole,Awdal,lughaye,Karuure 2,Karuure ,10.7517602,43.5917938,yes,Yes,85.0,,,,
Borehole,Awdal,zeylac,Jidhi BH,Jidhi,10.6250122,43.0718833,yes,Yes,45.0,,,,
Borehole,Awdal,zeylac,Ceel Gaal,Ceel Gaal,10.9756511,43.438311,yes,Yes,75.0,,,,
Borehole,Awdal,zeylac,Laanta maroohda,Laagta morohda,10.8467147,43.262019,yes,Yes,161.0,,,,
Borehole,Awdal,zeylac,Waraabood,Waraabood,11.2656071,43.3014947,yes,Yes,23.0,,,,
Borehole,Awdal,borama,Dilla Bh 1,Dilla,9.7684344,43.3359256,yes,Yes,50.0,,,,
Borehole,Awdal,borama,Qolujeed,Qolujeed,10.0878619,43.0289032,yes,Yes,100.0,,,,
Borehole,Awdal,borama,Dilla BH 3,Dilla,9.7645432,43.3415877,yes,Yes,85.0,,,,
Borehole,Awdal,borama,Shaaba  21,Camuud,9.9494053,43.234146,yes,Yes,70.0,,,,
Borehole,Awdal,zeylac,C.qadir BH,C.qadir,10,42,yes,Yes,80.0,,,,
Borehole,Awdal,zeylac,Zeylac borehole,Zaylac borehole,11.32589,43.37519,yes,Yes,13.0,,,,
Borehole,Awdal,borama,Shaaba 23,Camuud,9.9499017,43.2256813,yes,Yes,80.0,,,,
Borehole,Awdal,borama,Shaaba 20,Camuud,9.9431975,43.2378794,yes,Yes,100.0,,,,
Borehole,Awdal,borama,Shaaba 24,Dhamuug,9.9468173,43.2197863,yes,Yes,80.0,,,,
Borehole,Awdal,borama,Shaaba 26,Camuud,9.9443089,43.2416069,yes,Yes,89.0,,,,
Borehole,Awdal,borama,Shaaba 19,Camuud,9.9500312,43.2226562,yes,Yes,80.0,,,,
Borehole,Awdal,borama,Shaaba 8,Dhamuuug,9.9511438,43.2197633,yes,Yes,70.0,,,,
Borehole,Awdal,borama,Amoud borehole 2,Amuud,9.9459889,43.2262142,yes,Yes,70.0,,,,
Spring,Awdal,zeylac,Aftoox,Boon,10.20125,43.04695,yes,Yes,,,,,
Borehole,Awdal,baki,Shaaba 17,Shaylaha,9.9089552,43.2026015,yes,Yes,88.0,,,,
Borehole,Awdal,zeylac,Xariirad Bh,Xariirad,10.3159912,42.829348,yes,Yes,45.0,,,,
Borehole,Awdal,borama,Agoomaha BH,Qaryada,9.9388228,43.2015577,yes,Yes,,,,,
Borehole,Awdal,borama,Dagmo laqas,Afraaga,9.9464663,43.0746999,yes,Yes,115.0,,,,
Borehole,Awdal,borama,Cumar Ileeye BH,Holhol,9.9192199,43.1333663,yes,Yes,70.0,,,,
Borehole,Awdal,borama,Sharmaarke BH,Qolujeed,10.0942695,43.0153959,yes,Yes,40.0,,,,
Borehole,Awdal,borama,Maxille Bh,Camuid,9.9536825,43.2328191,yes,Yes,,,,,
Borehole,Awdal,borama,Kuweit Bh 2,Camuud,9.9548177,43.2250452,yes,Yes,75.0,,,,
Borehole,Awdal,borama,Xoosh BH,Qolujeed,10.0839606,43.0487816,yes,Yes,36.0,,,,
Borehole,Awdal,borama,Osman faarah Bh 2,Borame,9.9049536,43.1612186,yes,Yes,80.0,,,,
Borehole,Awdal,borama,Kuwayti Bh 1,Camuud,9.9524581,43.2254162,yes,Yes,90.0,,,,
Borehole,Awdal,borama,Guure,Camuud,9.9406901,43.224795,yes,Yes,62.0,,,,
Spring,Awdal,baki,Himbil spring,Xoorey,10.178115,43.3606967,yes,Yes,,,,,
Spring,Awdal,zeylac,Heemaal spring,Heemaal,10.5585678,43.1401388,yes,Yes,,,,,
Borehole,Awdal,borama,Shaaba 12,Cado galiilo,9.9424536,43.2485258,yes,Yes,98.0,,,,
Borehole,Awdal,borama,Jamaac yuusuf BH,Holhol,9.9209746,43.1327314,yes,Yes,70.0,,,,
Borehole,Awdal,borama,Amoud 1,Camuud,9.9437285,43.2199764,yes,Yes,60.0,,,,
Spring,Awdal,lughaye,Qabribaxar spr,Gargaara,10.3478128,43.8176534,yes,Yes,,,,,
Spring,Awdal,zeylac,Gala spr,Ali Gala,10.4591856,43.2662997,yes,Yes,,,,,
Spring,Awdal,baki,Xamarta durdruka  cad spring,Xamarta hogeed,10.1283483,43.3682417,yes,Yes,,,,,
Borehole,Awdal,borama,Shaaba 13,Amuud,9.9286232,43.2456964,yes,Yes,80.0,,,,
Borehole,Awdal,zeylac,Cabaas BH,Habaas,10.42591,42.82134,yes,Yes,65.0,,,,
Dug well,Awdal,zeylac,Ceel la helay Dug well,Ceel lahelay,10.2950628,42.9605944,no,Yes,3.0,,,,
Borehole,Awdal,borama,Xayaat hospital Bh,Qaryada,9.9374168,43.2091313,yes,Yes,,,,,
Borehole,Awdal,borama,Shaaba 16,Camuud,9.9363589,43.2537072,yes,Yes,110.0,,,,
Borehole,Awdal,borama,Shifo 1,Darey macaane,9.9699176,43.2192725,yes,Yes,35.0,,,,
Borehole,Awdal,borama,Shifo BH,Darey macaan,9.971141,43.219051,yes,Yes,35.0,,,,
Dam,Awdal,borama,Qolujeed Dam,Qolujeed,10.0954408,43.0145207,no,Yes,,,1.0,,
Dam,Awdal,borama,Aasho caddo dam,Aasho caddo,9.9271756,43.1106508,no,Yes,,,2.0,,
Borehole,Awdal,borama,Oslo,Borame,9.9392073,43.1825111,yes,Yes,,,,,
Borehole,Awdal,borama,Aasho-caddo Borame,Aasho cadd_borame,9.914235,43.1073136,yes,No,,,,,
Borehole,Awdal,borama,Agoomaha BH 2,Qaryada,9.9388104,43.2015592,no,Abandoned,,,,,
